Continent,Country,Company Name,Website,Email
Africa,Algeria,EURL SM Maintenance,http://www.sm-maintenance.dz/,sennebogen@sm-maintenance.dz
Africa,Algeria,SMT ALGERIE,http://www.smt.network/,info.algerie@smt.network
Africa,Angola,NORS Construction Equipment Angola,http://www.nors.com/,sosantos@nors.com
Africa,Angola,SENNEBOGEN Maschinenfabrik GmbH,http://www.sennebogen.com/,info@sennebogen.de
Africa,Benin,SENNEBOGEN Maschinenfabrik GmbH,http://www.sennebogen.com/,info@sennebogen.de
Africa,Benin,SMT Benin,http://www.smt.network/,sennebogen.africa@smt.network
Africa,Botswana,Babcock Africa Services (Pty) Ltd - Equipment Business Unit,http://www.babcock.co.za/,enquiries@babcock.co.za
Africa,Burkina Faso,SENNEBOGEN Maschinenfabrik GmbH,http://www.sennebogen.com/,info@sennebogen.de
Africa,Burkina Faso,SMT Burkina Faso,http://www.smt.network/,sennebogen.africa@smt.network
Africa,Burundi,SENNEBOGEN Maschinenfabrik GmbH,http://www.sennebogen.com/,info@sennebogen.de
Africa,Burundi,SMT Burundi,http://www.smt.network/,sennebogen.africa@smt.network
Africa,Cameroon,SENNEBOGEN Maschinenfabrik GmbH,http://www.sennebogen.com/,info@sennebogen.de
Africa,Cameroon,SMT Cameroun,http://www.smt.network/,sennebogen.africa@smt.network
Africa,Cape Verde,SENNEBOGEN Maschinenfabrik GmbH,http://www.sennebogen.com/,info@sennebogen.de
Africa,Central African Republic,SENNEBOGEN Maschinenfabrik GmbH,http://www.sennebogen.com/,info@sennebogen.de
Africa,Central African Republic,SMT Central African Republic,http://www.smt.network/,sennebogen.africa@smt.network
Africa,Chad,SENNEBOGEN Maschinenfabrik GmbH,http://www.sennebogen.com/,info@sennebogen.de
Africa,Chad,SMT Chad,http://www.smt.network/,sennebogen.africa@smt.network
Africa,"Congo, Democratic Republic (DRC)",SENNEBOGEN Maschinenfabrik GmbH,http://www.sennebogen.com/,info@sennebogen.de
Africa,"Congo, Democratic Republic (DRC)",SMT Democratic Republic of the Congo,http://www.smt.network/,sennebogen.africa@smt.network
Africa,"Congo, Republic",SENNEBOGEN Maschinenfabrik GmbH,http://www.sennebogen.com/,info@sennebogen.de
Africa,"Congo, Republic",SMT Congo,http://www.smt.network/,sennebogen.africa@smt.network
Africa,Djibouti,SENNEBOGEN Maschinenfabrik GmbH,http://www.sennebogen.com/,info@sennebogen.de
Africa,Egypt,Bersy Engineering Consultancy FZE,http://www.bec-fze.com/,bakr.bersy@bec-fze.com
Africa,Equatorial Guinea,SENNEBOGEN Maschinenfabrik GmbH,http://www.sennebogen.com/,info@sennebogen.de
Africa,Equatorial Guinea,SMT Equatorial Guinea,http://www.smt.network/,sennebogen.africa@smt.network
Africa,Eritrea,SENNEBOGEN Maschinenfabrik GmbH,http://www.sennebogen.com/,info@sennebogen.de
Africa,Ethiopia,SENNEBOGEN Maschinenfabrik GmbH,http://www.sennebogen.com/,info@sennebogen.de
Africa,Gabon,SENNEBOGEN Maschinenfabrik GmbH,http://www.sennebogen.com/,info@sennebogen.de
Africa,Gabon,SMT Gabon,http://www.smt.network/,sennebogen.africa@smt.network
Africa,Ghana,SENNEBOGEN Maschinenfabrik GmbH,http://www.sennebogen.com/,info@sennebogen.de
Africa,Ghana,SMT Ghana,http://www.smt.network/,sennebogen.africa@smt.network
Africa,Guinea,SENNEBOGEN Maschinenfabrik GmbH,http://www.sennebogen.com/,info@sennebogen.de
Africa,Guinea,SMT Guinea-Conakry,http://www.smt.network/,sennebogen.africa@smt.network
Africa,Guinea Bissau,SENNEBOGEN Maschinenfabrik GmbH,http://www.sennebogen.com/,info@sennebogen.de
Africa,Guinea Bissau,SMT Guinea-Bissau,http://www.smt.network/,sennebogen.africa@smt.network
Africa,Ivory Coast,SENNEBOGEN Maschinenfabrik GmbH,http://www.sennebogen.com/,info@sennebogen.de
Africa,Ivory Coast,SMT Ivory Coast,http://www.smt.network/,sennebogen.africa@smt.network
Africa,Kenya,SENNEBOGEN Maschinenfabrik GmbH,http://www.sennebogen.com/,info@sennebogen.de
Africa,Kiribati,SENNEBOGEN Maschinenfabrik GmbH,http://www.sennebogen.com/,info@sennebogen.de
Africa,Lesotho,Babcock Africa Services (Pty) Ltd - Equipment Business Unit,http://www.babcock.co.za/,enquiries@babcock.co.za
Africa,Liberia,SENNEBOGEN Maschinenfabrik GmbH,http://www.sennebogen.com/,info@sennebogen.de
Africa,Liberia,SMT Liberia,http://www.smt.network/,sennebogen.africa@smt.network
Africa,Libya,PORTUNUS AES YEDEK PARCA VE SERVIS A.S.,http://www.portunus.com/,bulent.gorucu@portunus.com
Africa,Libya,SENNEBOGEN Maschinenfabrik GmbH,http://www.sennebogen.com/,info@sennebogen.de
Africa,Madagascar,Babcock Africa Services (Pty) Ltd - Equipment Business Unit,http://www.babcock.co.za/,enquiries@babcock.co.za
Africa,Madagascar,SENNEBOGEN Maschinenfabrik GmbH,http://www.sennebogen.com/,info@sennebogen.de
Africa,Malawi,Babcock Africa Services (Pty) Ltd - Equipment Business Unit,http://www.babcock.co.za/,enquiries@babcock.co.za
Africa,Mali,SENNEBOGEN Maschinenfabrik GmbH,http://www.sennebogen.com/,info@sennebogen.de
Africa,Mali,SMT Mali,http://www.smt.network/,sennebogen.africa@smt.network
Africa,Mauritania,SENNEBOGEN Maschinenfabrik GmbH,http://www.sennebogen.com/,info@sennebogen.de
Africa,Mauritius,Babcock Africa Services (Pty) Ltd - Equipment Business Unit,http://www.babcock.co.za/,enquiries@babcock.co.za
Africa,Mauritius,SENNEBOGEN Maschinenfabrik GmbH,http://www.sennebogen.com/,info@sennebogen.de
Africa,Mayotte,SYGMAT SAS,http://www.sygmat.fr/,sennebogen@sygmat.fr
Africa,Morocco,SENNEBOGEN Maschinenfabrik GmbH,http://www.sennebogen.com/,info@sennebogen.de
Africa,Morocco,SMT Morocco - Casablanca,http://www.smt.network/,sennebogen.africa@smt.network
Africa,Mozambique,Babcock Africa Services (Pty) Ltd - Equipment Business Unit,http://www.babcock.co.za/,enquiries@babcock.co.za
Africa,Mozambique,NORS Mocambique S.A.,http://www.nors.com/,pconstantino@nors.com
Africa,Namibia,Babcock Africa Services (Pty) Ltd - Equipment Business Unit,http://www.babcock.co.za/,enquiries@babcock.co.za
Africa,Niger,SENNEBOGEN Maschinenfabrik GmbH,http://www.sennebogen.com/,info@sennebogen.de
Africa,Niger,SMT Niger,http://www.smt.network/,sennebogen.africa@smt.network
Africa,Nigeria,SENNEBOGEN Maschinenfabrik GmbH,http://www.sennebogen.com/,info@sennebogen.de
Africa,Nigeria,SMT Nigeria,http://www.smt.network/,sennebogen.africa@smt.network
Africa,Réunion,SYGMAT SAS,http://www.sygmat.fr/,sennebogen@sygmat.fr
Africa,Rwanda,SENNEBOGEN Maschinenfabrik GmbH,http://www.sennebogen.com/,info@sennebogen.de
Africa,Rwanda,SMT Rwanda,http://www.smt.network/,sennebogen.africa@smt.network
Africa,Sambia,Babcock Africa Services (Pty) Ltd - Equipment Business Unit,http://www.babcock.co.za/,enquiries@babcock.co.za
Africa,Sao Tomé and Principe,SENNEBOGEN Maschinenfabrik GmbH,http://www.sennebogen.com/,info@sennebogen.de
Africa,Senegal,SENNEBOGEN Maschinenfabrik GmbH,http://www.sennebogen.com/,info@sennebogen.de
Africa,Senegal,SMT Senegal,http://www.smt.network/,sennebogen.africa@smt.network
Africa,Sierra Leone,SENNEBOGEN Maschinenfabrik GmbH,http://www.sennebogen.com/,info@sennebogen.de
Africa,Somalia,PORTUNUS AES YEDEK PARCA VE SERVIS A.S.,http://www.portunus.com/,bulent.gorucu@portunus.com
Africa,Somalia,SENNEBOGEN Maschinenfabrik GmbH,http://www.sennebogen.com/,info@sennebogen.de
Africa,South Africa,Babcock Africa Services (Pty) Ltd - Equipment Business Unit,http://www.babcock.co.za/,enquiries@babcock.co.za
Africa,South Sudan,SENNEBOGEN Maschinenfabrik GmbH,http://www.sennebogen.com/,info@sennebogen.de
Africa,Sudan,SENNEBOGEN Maschinenfabrik GmbH,http://www.sennebogen.com/,info@sennebogen.de
Africa,Swaziland,Babcock Africa Services (Pty) Ltd - Equipment Business Unit,http://www.babcock.co.za/,enquiries@babcock.co.za
Africa,Tanzania,Bersy Engineering Consultancy FZE,http://www.bec-fze.com/,bakr.bersy@bec-fze.com
Africa,The Comoros,SENNEBOGEN Maschinenfabrik GmbH,http://www.sennebogen.com/,info@sennebogen.de
Africa,The Gambia,SENNEBOGEN Maschinenfabrik GmbH,http://www.sennebogen.com/,info@sennebogen.de
Africa,The Seychelles,SENNEBOGEN Maschinenfabrik GmbH,http://www.sennebogen.com/,info@sennebogen.de
Africa,Togo,SENNEBOGEN Maschinenfabrik GmbH,http://www.sennebogen.com/,info@sennebogen.de
Africa,Togo,SMT Togo,http://www.smt.network/,sennebogen.africa@smt.network
Africa,Tunisia,SENNEBOGEN Maschinenfabrik GmbH,http://www.sennebogen.com/,info@sennebogen.de
Africa,Uganda,SENNEBOGEN Maschinenfabrik GmbH,http://www.sennebogen.com/,info@sennebogen.de
Africa,Zimbabwe,Babcock Africa Services (Pty) Ltd - Equipment Business Unit,http://www.babcock.co.za/,enquiries@babcock.co.za
America,Antigua and Barbuda,SENNEBOGEN Maschinenfabrik GmbH,http://www.sennebogen.com/,info@sennebogen.de
America,Argentina,Maquinaria Mauber S.R.L.,http://www.mmauber.com/,info@mmauber.com
America,Argentina,Tecmaco Integral S.A.,http://www.tecmaco.com.ar/,
America,Bahamas,SENNEBOGEN LLC,http://www.sennebogen-na.com/,sales@sennebogenllc.com
America,Bahamas,SENNEBOGEN Maschinenfabrik GmbH,http://www.sennebogen.com/,info@sennebogen.de
America,Barbados,SENNEBOGEN LLC,http://www.sennebogen-na.com/,sales@sennebogenllc.com
America,Barbados,SENNEBOGEN Maschinenfabrik GmbH,http://www.sennebogen.com/,info@sennebogen.de
America,Belize,SENNEBOGEN LLC,http://www.sennebogen-na.com/,sales@sennebogenllc.com
America,Belize,SENNEBOGEN Maschinenfabrik GmbH,http://www.sennebogen.com/,info@sennebogen.de
America,Bermuda,SENNEBOGEN LLC,http://www.sennebogen-na.com/,sales@sennebogenllc.com
America,Bermuda,SENNEBOGEN Maschinenfabrik GmbH,http://www.sennebogen.com/,info@sennebogen.de
America,Bolivien,"Maquiandes Colombia, S.A.S.",http://www.maquiandes.co/,info@maquiandes.co
America,Bolivien,SENNEBOGEN Maschinenfabrik GmbH,http://www.sennebogen.com/,info@sennebogen.de
America,Brazil,SENNEBOGEN LLC,http://www.sennebogen-na.com/,sales@sennebogenllc.com
America,Brazil,SENNEBOGEN Maschinenfabrik GmbH,http://www.sennebogen.com/,info@sennebogen.de
America,Canada,SENNEBOGEN LLC,http://www.sennebogen-na.com/,sales@sennebogenllc.com
America,Canada,SENNEBOGEN Maschinenfabrik GmbH,http://www.sennebogen.com/,info@sennebogen.de
America,Chile,Salinas y Fabres S.A.,http://www.salfa.cl/,info@salfa.cl
America,Chile,SENNEBOGEN Maschinenfabrik GmbH,http://www.sennebogen.com/,info@sennebogen.de
America,Colombia,"Maquiandes Colombia, S.A.S.",http://www.maquiandes.co/,info@maquiandes.co
America,Colombia,SENNEBOGEN Maschinenfabrik GmbH,http://www.sennebogen.com/,info@sennebogen.de
America,Costa Rica,"Maquiandes Colombia, S.A.S.",http://www.maquiandes.co/,info@maquiandes.co
America,Costa Rica,SENNEBOGEN LLC,http://www.sennebogen-na.com/,sales@sennebogenllc.com
America,Cuba,SENNEBOGEN LLC,http://www.sennebogen-na.com/,sales@sennebogenllc.com
America,Cuba,SENNEBOGEN Maschinenfabrik GmbH,http://www.sennebogen.com/,info@sennebogen.de
America,Dominica,SENNEBOGEN LLC,http://www.sennebogen-na.com/,sales@sennebogenllc.com
America,Dominica,SENNEBOGEN Maschinenfabrik GmbH,http://www.sennebogen.com/,info@sennebogen.de
America,Dominican Republic,SENNEBOGEN LLC,http://www.sennebogen-na.com/,sales@sennebogenllc.com
America,Dominican Republic,SENNEBOGEN Maschinenfabrik GmbH,http://www.sennebogen.com/,info@sennebogen.de
America,Ecuador,SENNEBOGEN Maschinenfabrik GmbH,http://www.sennebogen.com/,info@sennebogen.de
America,El Salvador,"Maquiandes Colombia, S.A.S.",http://www.maquiandes.co/,info@maquiandes.co
America,El Salvador,SENNEBOGEN LLC,http://www.sennebogen-na.com/,sales@sennebogenllc.com
America,French Guayana,SYGMAT SAS,http://www.sygmat.fr/,sennebogen@sygmat.fr
America,Grenada,SENNEBOGEN LLC,http://www.sennebogen-na.com/,sales@sennebogenllc.com
America,Grenada,SENNEBOGEN Maschinenfabrik GmbH,http://www.sennebogen.com/,info@sennebogen.de
America,Guadeloupe,SYGMAT SAS,http://www.sygmat.fr/,sennebogen@sygmat.fr
America,Guatemala,"Maquiandes Colombia, S.A.S.",http://www.maquiandes.co/,info@maquiandes.co
America,Guatemala,SENNEBOGEN LLC,http://www.sennebogen-na.com/,sales@sennebogenllc.com
America,Guyana,SENNEBOGEN Maschinenfabrik GmbH,http://www.sennebogen.com/,info@sennebogen.de
America,Haiti,SENNEBOGEN LLC,http://www.sennebogen-na.com/,sales@sennebogenllc.com
America,Haiti,SENNEBOGEN Maschinenfabrik GmbH,http://www.sennebogen.com/,info@sennebogen.de
America,Honduras,"Maquiandes Colombia, S.A.S.",http://www.maquiandes.co/,info@maquiandes.co
America,Honduras,SENNEBOGEN LLC,http://www.sennebogen-na.com/,sales@sennebogenllc.com
America,Jamaika,SENNEBOGEN LLC,http://www.sennebogen-na.com/,sales@sennebogenllc.com
America,Jamaika,SENNEBOGEN Maschinenfabrik GmbH,http://www.sennebogen.com/,info@sennebogen.de
America,Martinique,SYGMAT SAS,http://www.sygmat.fr/,sennebogen@sygmat.fr
America,Mexico,SENNEBOGEN LLC,http://www.sennebogen-na.com/,sales@sennebogenllc.com
America,Mexico,SENNEBOGEN Maschinenfabrik GmbH,http://www.sennebogen.com/,info@sennebogen.de
America,Nicaragua,"Maquiandes Colombia, S.A.S.",http://www.maquiandes.co/,info@maquiandes.co
America,Nicaragua,SENNEBOGEN LLC,http://www.sennebogen-na.com/,sales@sennebogenllc.com
America,Panama,"Maquiandes Colombia, S.A.S.",http://www.maquiandes.co/,info@maquiandes.co
America,Panama,SENNEBOGEN LLC,http://www.sennebogen-na.com/,sales@sennebogenllc.com
America,Paraguay,Maquinaria Mauber S.R.L.,http://www.mmauber.com/,info@mmauber.com
America,Peru,Zapler SAC,http://www.zapler.com/,gerencia@zapler.com
America,St. Kitts and Nevis,SENNEBOGEN LLC,http://www.sennebogen-na.com/,sales@sennebogenllc.com
America,St. Kitts and Nevis,SENNEBOGEN Maschinenfabrik GmbH,http://www.sennebogen.com/,info@sennebogen.de
America,St. Lucia,SENNEBOGEN LLC,http://www.sennebogen-na.com/,sales@sennebogenllc.com
America,St. Lucia,SENNEBOGEN Maschinenfabrik GmbH,http://www.sennebogen.com/,info@sennebogen.de
America,St. Vincent and the Grenadines,SENNEBOGEN LLC,http://www.sennebogen-na.com/,sales@sennebogenllc.com
America,St. Vincent and the Grenadines,SENNEBOGEN Maschinenfabrik GmbH,http://www.sennebogen.com/,info@sennebogen.de
America,Suriname,SENNEBOGEN Maschinenfabrik GmbH,http://www.sennebogen.com/,info@sennebogen.de
America,Trinidad and Tobago,SENNEBOGEN LLC,http://www.sennebogen-na.com/,sales@sennebogenllc.com
America,Trinidad and Tobago,SENNEBOGEN Maschinenfabrik GmbH,http://www.sennebogen.com/,info@sennebogen.de
America,United States,SENNEBOGEN LLC,http://www.sennebogen-na.com/,sales@sennebogenllc.com
America,Uruguay,Maquinaria Mauber S.R.L.,http://www.mmauber.com/,info@mmauber.com
America,Uruguay,SENNEBOGEN LLC,http://www.sennebogen-na.com/,sales@sennebogenllc.com
America,Venezuela,"Maquiandes Colombia, S.A.S.",http://www.maquiandes.co/,info@maquiandes.co
Asia,Bangladesh,SENNEBOGEN Pte. Ltd. Asia Pacific,http://www.sennebogen.asia/,info@sennebogenpl.com
Asia,Bangladesh,The Banglamark Limited,http://www.banglamark.com/,sales@banglamark.com.bd
Asia,Bhutan,SENNEBOGEN Pte. Ltd. Asia Pacific,http://www.sennebogen.asia/,info@sennebogenpl.com
Asia,Cambodia,SENNEBOGEN Pte. Ltd. Asia Pacific,http://www.sennebogen.asia/,info@sennebogenpl.com
Asia,China,Lei Shing Hong Machinery (Shanghai) Co. Ltd.,http://www.lsh-cat.com/,
Asia,China,SENNEBOGEN Pte. Ltd. Asia Pacific,http://www.sennebogen.asia/,info@sennebogenpl.com
Asia,Hong Kong,Robinson Equipment Ltd,http://robinsonequipment.com/,info@robinsonequipment.com
Asia,India,Forsenia Engineering Pvt Ltd,http://www.forsenia.in/,info@forsenia.in
Asia,India,SENNEBOGEN Maschinenfabrik GmbH,http://www.sennebogen.com/,info@sennebogen.de
Asia,Japan,SENNEBOGEN Pte. Ltd. Asia Pacific,http://www.sennebogen.asia/,info@sennebogenpl.com
Asia,Japan,Sun Earth Co.Ltd.,http://www.sun-earth.jp/,y.ebihara@sun-earth.jp
Asia,Laos,SENNEBOGEN Pte. Ltd. Asia Pacific,http://www.sennebogen.asia/,info@sennebogenpl.com
Asia,Myanmar,SENNEBOGEN Pte. Ltd. Asia Pacific,http://www.sennebogen.asia/,info@sennebogenpl.com
Asia,Nepal,SENNEBOGEN Pte. Ltd. Asia Pacific,http://www.sennebogen.asia/,info@sennebogenpl.com
Asia,North Korea,SENNEBOGEN Pte. Ltd. Asia Pacific,http://www.sennebogen.asia/,info@sennebogenpl.com
Asia,Pakistan,SENNEBOGEN Maschinenfabrik GmbH,http://www.sennebogen.com/,info@sennebogen.de
Asia,South Korea,"KILWOO CO., Ltd.",http://www.kilwoo.com/,kilwoo@kilwoo.com
Asia,South Korea,"KoWu Co., Ltd.",http://www.kowu.kr/,jhchoi@kowu.kr
Asia,Sri Lanka,Forsenia Engineering Pvt Ltd,http://www.forsenia.in/,info@forsenia.in
Asia,Sri Lanka,SENNEBOGEN Pte. Ltd. Asia Pacific,http://www.sennebogen.asia/,info@sennebogenpl.com
Asia,Taiwan,Capital Machinery Limited,http://www.capitalmachinery.com.tw/,sennebogen@CML-tw.com.tw
Asia,Thailand,"Machine Technology Co., Ltd.",http://www.mtechport.com/,contact@mtechport.com
Asia,Thailand,SENNEBOGEN Pte. Ltd. Asia Pacific,http://www.sennebogen.asia/,info@sennebogenpl.com
Asia,Vietnam,SENNEBOGEN Pte. Ltd. Asia Pacific,http://www.sennebogen.asia/,info@sennebogenpl.com
Asia,Vietnam,Unico Vina Joint Stock Company,http://www.unicovina.vn%20/,buihaibang@unicovina.vn
Europe,Albania,HYDROPOWER Sh.p.k,http://hydropower.al/,info@hydropower.com.al
Europe,Albania,SENNEBOGEN Maschinenfabrik GmbH,http://www.sennebogen.com/,info@sennebogen.de
Europe,Andorra,Cranes & Tools,https://cranesandtools.com/,jmsanchez@cranesandtools.com
Europe,Andorra,MYCSA MULDER Y CO. IMPORTACIONES-EXPORTACIONES S.L.,http://www.mycsamulder.es/,mycsa@mycsamulder.es
Europe,Armenia,SENNEBOGEN Maschinenfabrik GmbH,http://www.sennebogen.com/,info@sennebogen.de
Europe,Austria,ASCENDUM Baumaschinen Österreich GmbH,http://www.ascendum.at/,info@ascendum.at
Europe,Austria,IBS Industrie- und Baumaschinen Service GmbH,http://www.ibs-maschinen.at/,info@ibs-maschinen.at
Europe,Austria,SENNEBOGEN Maschinenfabrik GmbH,http://www.sennebogen.com/,info@sennebogen.de
Europe,Azerbaijan,GLK LLC,http://www.glk-machinery.com/,sales@glk-machinery.com
Europe,Azerbaijan,SENNEBOGEN Maschinenfabrik GmbH,http://www.sennebogen.com/,info@sennebogen.de
Europe,Belarus,Mari Ltd,http://mari.by/,info@mari.by
Europe,Belarus,SENNEBOGEN Maschinenfabrik GmbH,http://www.sennebogen.com/,info@sennebogen.de
Europe,Belgium,SMT Belgium NV/SA,http://www.smt.network/,sennebogen.be@smt.network
Europe,Belgium,Van Haut NV,http://www.vanhaut.be/,info@vanhaut.be
Europe,Bosnia-Herzegovina,Jasmin M d.o.o.,http://www.jasminm.com/,jasmin@jasminm.com
Europe,Bosnia-Herzegovina,SENNEBOGEN Maschinenfabrik GmbH,http://www.sennebogen.com/,info@sennebogen.de
Europe,Bosnia-Herzegovina,UNIWAB d.o.o.,http://www.uniwab.rs/,office@uniwab.rs
Europe,Bulgaria,Vider Commerce AVTO GmbH,http://www.vider.bg/,office@vider.bg
Europe,Bulgaria,SENNEBOGEN Maschinenfabrik GmbH,http://www.sennebogen.com/,info@sennebogen.de
Europe,Croatia,ASCENDUM građevinski strojevi Hrvatska d.o.o.,http://www.ascendum.hr/,infohr@ascendum.hr
Europe,Croatia,SENNEBOGEN Maschinenfabrik GmbH,http://www.sennebogen.com/,info@sennebogen.de
Europe,Cyprus,GMP Katsambas Ltd.,http://www.gmpkatsambas.com/,info@gmpkatsambas.com
Europe,Cyprus,SENNEBOGEN Maschinenfabrik GmbH,http://www.sennebogen.com/,info@sennebogen.de
Europe,Czech Republic,INTERMARKET s.r.o.,http://www.intermarket.eu/,vaclav.stejskal@intermarket.eu
Europe,Czech Republic,Merimex s.r.o.,http://www.merimex.cz/,sennebogen@merimex.cz
Europe,Denmark,OP system a/s Danmark,http://www.opsystem.dk/,info@opsystem.dk
Europe,Denmark,Scantruck A/S,http://www.scantruck.dk/,info@scantruck.dk
Europe,Estonia,ERCO TECHNOLOGIES UAB,http://www.ercotechnologies.com/,info@ercotechnologies.com
Europe,Estonia,ScanBalt Crane OU,http://www.scanbaltcrane.com/,sennebogen@scanbaltcrane.com
Europe,Finland,Olofsson & Persson System Oy,http://www.opsystem.fi/,info@opsystem.fi
Europe,France,SYGMAT SAS,http://www.sygmat.fr/,sennebogen@sygmat.fr
Europe,Georgia,SENNEBOGEN Maschinenfabrik GmbH,http://www.sennebogen.com/,info@sennebogen.de
Europe,Gibraltar,SENNEBOGEN Maschinenfabrik GmbH,http://www.sennebogen.com/,info@sennebogen.de
Europe,Great Britain,AGD Equipment Limited,http://www.agd-equipment.co.uk/,info@agd-equipment.co.uk
Europe,Great Britain,Molson Equipment Services Ltd,http://www.molsongroup.co.uk/,info@molsongroup.co.uk
Europe,Greece,PJ Condellis S.A.,http://www.condellispaul.gr/,info@condellispaul.gr
Europe,Greece,SENNEBOGEN Maschinenfabrik GmbH,http://www.sennebogen.com/,info@sennebogen.de
Europe,Greenland,Scantruck A/S,http://www.scantruck.dk/,info@scantruck.dk
Europe,Greenland,SENNEBOGEN Maschinenfabrik GmbH,http://www.sennebogen.com/,info@sennebogen.de
Europe,Hungary,Kuhn Rakodógép Kft.,http://www.kuhn.hu/,Csorba.mate@kuhn.hu
Europe,Iceland,IMB Maskiner A/S,http://www.imb-maskiner.no/,post@imb-maskiner.no
Europe,Iceland,Íslyft ehf.,http://www.islyft.is/,islyft@islyft.is
Europe,Ireland,AGD Equipment Limited,http://www.agd-equipment.co.uk/,info@agd-equipment.co.uk
Europe,Ireland,Pat O\'Donnell & Co.,http://www.patodonnell.com/,info@patodonnell.com
Europe,Italy,Cesaro Mac. Import S.r.L.,http://www.cesaromacimport.com/,cesaro@cesaromacimport.com
Europe,Italy,Espi Engineering S.R.L.,http://www.espisrl.com/,espi@espisrl.com
Europe,Kosovo,SENNEBOGEN Maschinenfabrik GmbH,http://www.sennebogen.com/,info@sennebogen.de
Europe,Kosovo,UNIWAB d.o.o.,http://www.uniwab.rs/,office@uniwab.rs
Europe,Latvia,ERCO TECHNOLOGIES UAB,http://www.ercotechnologies.com/,info@ercotechnologies.com
Europe,Latvia,ScanBalt Crane OU,http://www.scanbaltcrane.com/,sennebogen@scanbaltcrane.com
Europe,Liechtenstein,SENNEBOGEN Maschinenfabrik GmbH,http://www.sennebogen.com/,info@sennebogen.de
Europe,Lithuania,ERCO TECHNOLOGIES UAB,http://www.ercotechnologies.com/,info@ercotechnologies.com
Europe,Lithuania,ScanBalt Crane OU,http://www.scanbaltcrane.com/,sennebogen@scanbaltcrane.com
Europe,Luxemburg,SENNEBOGEN Maschinenfabrik GmbH,http://www.sennebogen.com/,info@sennebogen.de
Europe,Luxemburg,SMT Belgium NV/SA,http://www.smt.network/,sennebogen.be@smt.network
Europe,Macedonia,Mobilmann D.O.O.E.L.,http://www.mobilmann.com.mk/,mobilmann@mobilmann.com.mk
Europe,Macedonia,SENNEBOGEN Maschinenfabrik GmbH,http://www.sennebogen.com/,info@sennebogen.de
Europe,Macedonia,UNIWAB d.o.o.,http://www.uniwab.rs/,office@uniwab.rs
Europe,Malta,SENNEBOGEN Maschinenfabrik GmbH,http://www.sennebogen.com/,info@sennebogen.de
Europe,Malta,SR Environmental Solutions Limited,http://www.srgroup.com.mt/,sales@srgroup.com.mt
Europe,Moldova,SENNEBOGEN Maschinenfabrik GmbH,http://www.sennebogen.com/,info@sennebogen.de
Europe,Montenegro,SENNEBOGEN Maschinenfabrik GmbH,http://www.sennebogen.com/,info@sennebogen.de
Europe,Montenegro,UNIWAB d.o.o.,http://www.uniwab.rs/,office@uniwab.rs
Europe,Netherlands,SMT Netherlands B.V.,http://www.smt.network/,sennebogen.nl@smt.network
Europe,Netherlands,Van Den Heuvel Cranes & Services B.V.,http://www.vdheuvelwerkendam.nl/,info@vdheuvelwerkendam.nl
Europe,Norway,IMB Maskiner A/S,http://www.imb-maskiner.no/,post@imb-maskiner.no
Europe,Norway,Volvo Maskin AS,http://www.volvoce.no/,knut.grepperud@volvo.com
Europe,Portugal,Almovi,http://www.almovi.pt/,marriaga@almovi.pt
Europe,Portugal,"ASCENDUM III – Máquinas, Unipessoal, Lda.",http://www.ascendummaquinas.pt/,geral@ascendummaquinas.pt
Europe,Portugal,MYCSA MULDER Y CO. IMPORTACIONES-EXPORTACIONES S.L.,http://www.mycsamulder.es/,mycsa@mycsamulder.es
Europe,Romania,Terra Romania Utilaje de Constructii s.r.l.,https://www.terra-world.ro/troc,office.ro@terra-world.com
Europe,San Marino,Cesaro Mac. Import S.r.L.,http://www.cesaromacimport.com/,cesaro@cesaromacimport.com
Europe,San Marino,Espi Engineering S.R.L.,http://www.espisrl.com/,espi@espisrl.com
Europe,Serbien,"PH&M Export-Import Trading Company, Ltd. Zemun",http://www.ph-m.co.rs/,ph_m@mts.rs
Europe,Serbien,SENNEBOGEN Maschinenfabrik GmbH,http://www.sennebogen.com/,info@sennebogen.de
Europe,Serbien,UNIWAB d.o.o.,http://www.uniwab.rs/,office@uniwab.rs
Europe,Slovakia,INTERMARKET s.r.o.,http://www.intermarket.eu/,vaclav.stejskal@intermarket.eu
Europe,Slovakia,Merimex s.r.o.,http://www.merimex.cz/,sennebogen@merimex.cz
Europe,Slovenia,Bijol d.o.o.,http://www.bijol.si/,bijol@bijol.si
Europe,Slovenia,SENNEBOGEN Maschinenfabrik GmbH,http://www.sennebogen.com/,info@sennebogen.de
Europe,Spain,Cranes & Tools,https://cranesandtools.com/,jmsanchez@cranesandtools.com
Europe,Spain,MYCSA MULDER Y CO. IMPORTACIONES-EXPORTACIONES S.L.,http://www.mycsamulder.es/,mycsa@mycsamulder.es
Europe,Sweden,OP System AB,http://www.opsystem.se/,info@opsystem.se
Europe,Sweden,Scantruck AB,http://www.scantruck.se/,info@scantruck.se
Europe,Switzerland,Kuhn Schweiz AG,https://kuhn-gruppe.ch/de,sennebogen@kuhn-gruppe.ch
Europe,Turkey,Forsen Machinery Services & Trading Inc.,http://www.forsen.com.tr/,info@forsen.com.tr
Europe,Ukraine,ETS-KYIV LTD,https://ets-group.com.ua/,office@ets-group.com.ua
Europe,Ukraine,MHM UKRAINE LTD,http://www.mhm-ukraine.com/,sennebogen@mhm-ukraine.com
Europe,Vatican,Cesaro Mac. Import S.r.L.,http://www.cesaromacimport.com/,cesaro@cesaromacimport.com
Europe,Vatican,Espi Engineering S.R.L.,http://www.espisrl.com/,espi@espisrl.com
Middle East,Afghanistan,SENNEBOGEN Maschinenfabrik GmbH,http://www.sennebogen.com/,info@sennebogen.de
Middle East,Bahrain,SENNEBOGEN Maschinenfabrik GmbH,http://www.sennebogen.com/,info@sennebogen.de
Middle East,Iran,Iran Bana Arian Co.,http://www.ibagroup.ws/,info@ibagroup.ws
Middle East,Iraq,SENNEBOGEN Maschinenfabrik GmbH,http://www.sennebogen.com/,info@sennebogen.de
Middle East,Israel,Equipment LTD.,http://equipment.co.il/,micha@equipment.co.il
Middle East,Israel,SENNEBOGEN Maschinenfabrik GmbH,http://www.sennebogen.com/,info@sennebogen.de
Middle East,Jordan,SENNEBOGEN Maschinenfabrik GmbH,http://www.sennebogen.com/,info@sennebogen.de
Middle East,Kuwait,AL-GHANIM & NASS GENERAL TRADING & CONTRACTING CO WLL,http://www.agnkuwait.com/,info@al-ghanimandnass.com
Middle East,Kuwait,SENNEBOGEN Maschinenfabrik GmbH,http://www.sennebogen.com/,info@sennebogen.de
Middle East,Lebanon,SENNEBOGEN Maschinenfabrik GmbH,http://www.sennebogen.com/,info@sennebogen.de
Middle East,Oman,SENNEBOGEN Maschinenfabrik GmbH,http://www.sennebogen.com/,info@sennebogen.de
Middle East,Pakistan,AJCL ( Private ) Limited,http://www.ajcl.pk/,sennebogen@ajcl.net
Middle East,Palestine,SENNEBOGEN Maschinenfabrik GmbH,http://www.sennebogen.com/,info@sennebogen.de
Middle East,Qatar,Qatar Navigation QSC,http://www.milaha.com/,ntasales@milaha.com
Middle East,Saudi Arabia,Bersy Engineering Consultancy FZE,http://www.bec-fze.com/,bakr.bersy@bec-fze.com
Middle East,Saudi Arabia,SENNEBOGEN Maschinenfabrik GmbH,http://www.sennebogen.com/,info@sennebogen.de
Middle East,Syria,SENNEBOGEN Maschinenfabrik GmbH,http://www.sennebogen.com/,info@sennebogen.de
Middle East,United Arab Emirates,Swaidan Trading Co (LLC) - Al Naboodah Group,http://www.alnaboodah.com/,sennebogen@alnaboodah.com
Middle East,Yemen,SENNEBOGEN Maschinenfabrik GmbH,http://www.sennebogen.com/,info@sennebogen.de
Oceania,American Samoa,SENNEBOGEN Pte. Ltd. Asia Pacific,http://www.sennebogen.asia/,info@sennebogenpl.com
Oceania,Australia,PACE CRANES P.A. Construction Equipment Pty Ltd,http://www.pacecranes.com.au/,sales@pacecranes.com.au
Oceania,Australia,Pacific Materials Handling P/L,http://www.pacificmh.com.au/,sennebogen@pacificmh.com.au
Oceania,Brunei,SENNEBOGEN Pte. Ltd. Asia Pacific,http://www.sennebogen.asia/,info@sennebogenpl.com
Oceania,Cook Islands,Pacific Materials Handling P/L,http://www.pacificmh.com.au/,sennebogen@pacificmh.com.au
Oceania,Cook Islands,SENNEBOGEN Maschinenfabrik GmbH,http://www.sennebogen.com/,info@sennebogen.de
Oceania,East Timor,SENNEBOGEN Pte. Ltd. Asia Pacific,http://www.sennebogen.asia/,info@sennebogenpl.com
Oceania,Fiji,Pacific Materials Handling P/L,http://www.pacificmh.com.au/,sennebogen@pacificmh.com.au
Oceania,Fiji,SENNEBOGEN Maschinenfabrik GmbH,http://www.sennebogen.com/,info@sennebogen.de
Oceania,French Polynesia,SYGMAT SAS,http://www.sygmat.fr/,sennebogen@sygmat.fr
Oceania,Guam,Pacific Materials Handling P/L,http://www.pacificmh.com.au/,sennebogen@pacificmh.com.au
Oceania,Guam,SENNEBOGEN Maschinenfabrik GmbH,http://www.sennebogen.com/,info@sennebogen.de
Oceania,Indonesia,PT Universal Traktor Indonesia,https://ulti.co.id/%C2%A0%C2%A0,inquiry@ulti.co.id
Oceania,Indonesia,PT. FNF Trans Niaga,http://www.fnftransniaga.com/,marketing@fnftransniaga.com
Oceania,Malaysia,IT Portlink Sdn Bhd,http://www.itportlink.com/,itp@itportlink.com
Oceania,Mariana Islands,SENNEBOGEN Maschinenfabrik GmbH,http://www.sennebogen.com/,info@sennebogen.de
Oceania,Marshall Islands,SENNEBOGEN Pte. Ltd. Asia Pacific,http://www.sennebogen.asia/,info@sennebogenpl.com
Oceania,Micronesia,SENNEBOGEN Pte. Ltd. Asia Pacific,http://www.sennebogen.asia/,info@sennebogenpl.com
Oceania,Nauru,SENNEBOGEN Pte. Ltd. Asia Pacific,http://www.sennebogen.asia/,info@sennebogenpl.com
Oceania,New Caledonia,SENNEBOGEN Pte. Ltd. Asia Pacific,http://www.sennebogen.asia/,info@sennebogenpl.com
Oceania,New Caledonia,SYGMAT SAS,http://www.sygmat.fr/,sennebogen@sygmat.fr
Oceania,New Zealand,PACE CRANES P.A. Construction Equipment Pty Ltd,http://www.pacecranes.com.au/,sales@pacecranes.com.au
Oceania,New Zealand,Transdiesel Limited,https://www.tdxltd.co.nz/%C2%A0,sennebogen@tdxltd.co.nz
Oceania,Niue,SENNEBOGEN Pte. Ltd. Asia Pacific,http://www.sennebogen.asia/,info@sennebogenpl.com
Oceania,Palau,SENNEBOGEN Pte. Ltd. Asia Pacific,http://www.sennebogen.asia/,info@sennebogenpl.com
Oceania,Papua New Guinea,SENNEBOGEN Pte. Ltd. Asia Pacific,http://www.sennebogen.asia/,info@sennebogenpl.com
Oceania,Pitcairn,Pacific Materials Handling P/L,http://www.pacificmh.com.au/,sennebogen@pacificmh.com.au
Oceania,Pitcairn,SENNEBOGEN Maschinenfabrik GmbH,http://www.sennebogen.com/,info@sennebogen.de
Oceania,Samoa,Pacific Materials Handling P/L,http://www.pacificmh.com.au/,sennebogen@pacificmh.com.au
Oceania,Samoa,SENNEBOGEN Maschinenfabrik GmbH,http://www.sennebogen.com/,info@sennebogen.de
Oceania,Singapore,ALY ENERGY SINGAPORE PTE LTD,http://www.aly.com.sg/,sennebogen@aly.com.sg
Oceania,Solomon Islands,Pacific Materials Handling P/L,http://www.pacificmh.com.au/,sennebogen@pacificmh.com.au
Oceania,Solomon Islands,SENNEBOGEN Maschinenfabrik GmbH,http://www.sennebogen.com/,info@sennebogen.de
Oceania,The Philippines,AsiaGlobal Technologies,http://www.asiaglobaltech.com/,agt.info@asiaglobaltech.com
Oceania,Tonga,SENNEBOGEN Pte. Ltd. Asia Pacific,http://www.sennebogen.asia/,info@sennebogenpl.com
Oceania,Tuvalu,Pacific Materials Handling P/L,http://www.pacificmh.com.au/,sennebogen@pacificmh.com.au
Oceania,Tuvalu,SENNEBOGEN Maschinenfabrik GmbH,http://www.sennebogen.com/,info@sennebogen.de
Oceania,Vanuatu,Pacific Materials Handling P/L,http://www.pacificmh.com.au/,sennebogen@pacificmh.com.au
Oceania,Vanuatu,SENNEBOGEN Pte. Ltd. Asia Pacific,http://www.sennebogen.asia/,info@sennebogenpl.com
Oceania,Wallis and Futuna,SENNEBOGEN Pte. Ltd. Asia Pacific,http://www.sennebogen.asia/,info@sennebogenpl.com
Russia,Kazakhstan,SENNEBOGEN Maschinenfabrik GmbH,http://www.sennebogen.com/,info@sennebogen.de
Russia,Kyrgyzstan,SENNEBOGEN Maschinenfabrik GmbH,http://www.sennebogen.com/,info@sennebogen.de
Russia,Mongolia,Material Handling Systems LLC,http://www.mhs.mn/,tuguldur@mhs.mn
Russia,Mongolia,SENNEBOGEN Pte. Ltd. Asia Pacific,http://www.sennebogen.asia/,info@sennebogenpl.com
Russia,Turkmenistan,SENNEBOGEN Maschinenfabrik GmbH,http://www.sennebogen.com/,info@sennebogen.de
Russia,Uzbekistan,SENNEBOGEN Maschinenfabrik GmbH,http://www.sennebogen.com/,info@sennebogen.de
